{
    "rmse": 0.7374232237921253,
    "mae": 0.5730442760891328,
    "r2": 0.22359650058827663
}