{
    "rmse": 0.6618388558812794,
    "mae": 0.5169089796292453,
    "r2": 0.2794363034146389
}