{
    "rmse": 0.6678621503406043,
    "mae": 0.5348006246439206,
    "r2": 0.2149863460174002
}