{
    "rmse": 0.663271874208737,
    "mae": 0.5217288636942663,
    "r2": 0.27487372481359706
}